map_id,sprite,question,option,correct,hint
0,npc1,「いと」の現代語訳は？,なるほど;しだいに;それでも;とても,3,
0,npc1,「あまた」の現代語訳は？,たくさん;急いで;少しずつ;数人,0,
0,npc1,「げに」の現代語訳は？,けれども;なるほど;そのまま;やはり,1,
0,npc1,「なほ」の現代語訳は？,思った以上に;とても;本当に;やはり,3,
0,npc1,「やがて」の現代語訳は？,そのまま;やはり;どうしても;そっと,0,
0,npc1,「やうやう」の現代語訳は？,少しだけ;同時に;一気に;だんだん,3,
0,npc1,「え～打消」の現代語訳は？,～するな;～たくない;～できない;～ないだろう,2,
0,npc1,「さらに～打消」の現代語訳は？,それ以上は～ない;今まで～ない;たいてい～ない;まったく～ない,3,
0,npc1,「な～そ」の現代語訳は？,決して～するな;～できない;～するな;決して～ない,2,
0,npc1,「いかで」の現代語訳は？,もう;どうして;いつから;本当に,1,
0,npc1,「にほふ」の現代語訳は？,姿が見える;似ている;美しく照り映える;評判になる,2,
0,npc1,「うつろふ」の現代語訳は？,時が過ぎ去る;消える;うわさされる;色が変わる,3,
0,npc1,「かしづく」の現代語訳は？,心から愛す;大切に養育する;丁寧に処理する;近くに置く,1,
0,npc1,「ならふ」の現代語訳は？,かわいがる;訪れる;用意する;慣れる,3,
0,npc1,「あそぶ」の現代語訳は？,歌を贈る;管絃を楽しむ;交際する;言い騒ぐ,1,
0,npc1,「めづ」の現代語訳は？,同情する;避難する;感嘆する;見守る,2,
0,npc1,「かづく［四段］」の現代語訳は？,頼りにさせる;ほうびを与える;頼りにする;ほうびをいただく,3,四段活用だと連用形は「かづきて」で、自分が受け取る感じになり、下二段だと「かづけて」で、人にしてあげる感じなる。
0,npc1,「かづく［下二段］」の現代語訳は？,ほうびをいただく;ほうびを与える;水に潜る;頭にかぶる,1,四段活用だと連用形は「かづきて」で、自分が受け取る感じになり、下二段だと「かづけて」で、人にしてあげる感じなる。
0,npc1,「たのむ［四段］」の現代語訳は？,大事にする;親しくする;あてにする;取り計らう,2,四段活用だと連用形は「たのみて」で、自分がたのむ（あてにする）感じなり、下二段だと「たのめて」で、たのめる（あてにできる）と人を評価する感じになる。
0,npc1,「たのむ［下二段］」の現代語訳は？,届けさせる;あてにさせる;愛させる;ひとりにさせる,1,四段活用だと連用形は「たのみて」で、自分がたのむ（あてにする）感じなり、下二段だと「たのめて」で、たのめる（あてにできる）と人を評価する感じになる。
1,npc2,文２その男、身を《えう》なきものに思ひなして,ゆう;えお;よう;えう,2,
1,npc2,文３《東》の方に住むべき国求めに。,あずま;とう;ひがし;ひんがし,0,
1,npc2,文５《惑》ひ行きけり。,まぎ;まどい;まどひ;まど,3,
1,npc2,文６《三河》の国,みがわ;みかわ;みこ;さんが,1,
1,npc2,文６《八橋》といふ所にいたりぬ。,はちはし;やつはし;やはし;やっぱし,1,
1,npc2,文７水行く川の《蜘蛛手》なれば、,くもて;ちもで;こもで;くもで,3,
1,npc2,文７橋を《八》つ渡せるによりて,や;はち;やあ;はつ,0,
1,npc2,文８木のかげに《下》りゐて,した;さが;お;くだ,2,
1,npc2,文８《乾飯》食ひけり。,かれいい;かんはん;けんぱん;かれい,0,
1,npc2,文１０かきつばたといふ《五》文字を,ご;い;いつ;ごう,2,
1,npc2,文１０句の《上》に,うえ;じょう;あげ;かみ,3,
1,npc2,文１０《据》ゑて,すえ;す;すゑ;し,1,
1,npc2,文１１《唐衣》,とうい;からぎぬ;からも;からころも,3,
1,npc2,文１２《乾飯》の上に涙落として,かんはん;かれいい;けんぱん;かれい,1,
1,npc2,文１３《駿河》の国,しゅんが;すが;するが;するか,2,
1,npc2,文１４《宇津》の山にいたりて,うつ;うづ;うず;うち,0,
1,npc2,文１４わが《入》らむとする道,いり;にゅう;い;いる,2,
1,npc2,文１４いと《暗う》細きに、,くらう;あんう;くろ;くろう,3,
1,npc2,文１４《蔦》・楓は茂り,つだ;つた;つたあ;ちた,1,
1,npc2,文１４蔦・《楓》は茂り,かえで;ふう;かえ;かえでえ,0,
1,npc2,文１４蔦・楓は《茂》り,しげり;しげ;も;しげる,1,
1,npc2,文１４《修行者》会ひたり。,すぎょうざ;しゅぎょうしゃ;すぎょうしゃ;しゅぎょうざ,0,
1,npc2,文１６京に、その人の《御》もとにとて、,み;おん;ご;おおん,3,
1,npc2,文１６《文》書きてつく。,ぶん;もん;ふみ;ふみい,2,
1,npc2,文１８《五月》のつごもり,ごがつ;さつ;ごつき;さつき,3,
1,npc2,文１９時知らぬ山は富士の《嶺》,ね;れい;みね;ねえ,0,
1,npc2,文１９《鹿の子》まだらに,かこ;かのこ;しかのこ;かの,1,
1,npc2,文２０《比叡》の山,ひえい;ひええ;ひえ;ひえき,2,
1,npc2,文２０《二十》ばかり重ね上げたらむほどして,はたち;はた;にじゅう;はつ,0,
1,npc2,文２０二十ばかり《重》ね上げたらむほどして,じゅう;え;かさ;かさね,2,
1,npc2,文２０なりは《塩尻》のやうになむありける。,しおしり;しおじり;えんじり;しおじ,1,
2,npc3,文１昔、男あり《けり》。問：《　》の助動詞の意味は？,過去;打消;推量;意志,0,
2,npc3,文２その男、身を《えうなき》ものに思ひなして、問：《　》の品詞は？,動詞;形容詞;形容動詞;助動詞,1, 終止形にすると「えうなし」になる。
2,npc3,文２その男、身を《えうなき》ものに思ひなして、問：《　》の訳は？,能力がない;必要がない;体力がない,1,「えう」は「よう」と読み、漢字で書くと必要の要になる。
2,npc3,文２その男、身をえうなきものに《思ひなし》て、問：《　》の訳は？,悲観して;責め立てて;思い込んで,2,
2,npc3,文２その男、身をえうなきものに《思ひなし》て、問：《　》の主語は？,男;身;えうなきもの,0,
2,npc3,文２その男、《身》をえうなきものに思ひなして、問：《　》の意味は次のどれか。,体;中身;自分自身,2,
2,npc3,文３「京にはあら《じ》。東の方に住むべき国求めに。」とて行きけり。問：《　》はどちらの意味で使われているか。,打消意志;打消推量,0,「じ」は「む」（推量・意志など）の打消版。自分の未来なら、打消意志（ないつもりだ。ないでおこう。）。自分以外の未来なら、打消推量（ないだろう。）。
2,npc3,文３「京にはあらじ。《東》の方に住むべき国求めに。」とて行きけり。問：《　》の訳は？,東の方角;東国の方,1,東国は「とうごく」と読む。
2,npc3,文３「京にはあらじ。東の方に住む《べき》国求めに。」とて行きけり。問：《　》の意味は次のどれ？,適当;当然;命令;意志;推量;当然;可能,0,◎今の「べき」と同じ感じで、「ほどほど」の主張なら「適当」（のにふさわしい）、「やや強め」の主張なら「当然」（ねばならない）。「かなり強め」の主張なら命令（せよ）。　◎今の「べき」とは違う感じで、自分の未来を述べているなら、「意志」（しよう）。《この意志は「む」より強め》。例：我、進むべし。自分以外の未来を述べていれば「推量」（だろう）。《この推量は「む」より強め》。例：雨、降るべし。自分以外の未来について強い感じ述べていたら「当然」（はずだ）。自分以外の未来を述べていて、推量・当然ではなさそうなら、「可能」（できる）。◎注意：２つの当然がある。《べき》の「当然」＝ねばならない。《自分以外の未来》の「当然」＝はずだ。
2,npc3,文４《もとより》友とする人一人二人して行きけり。問：《　》の訳は？,もちろん;古くから,1,
2,npc3,文４もとより友とする人《一人二人して》行きけり。問：一・二人とは？,男も含めて;男を除いて,1,
2,npc3,文５道知れ《る》人もなくて、惑ひ行きけり。問：《　》の意味は？,完了;存続,1,終止形は「り」。●完了（～てしま[う・った]・た）←～の瞬間に注目。●存続（～ている・てある）←～の後の状態に注目
2,npc3,文５道知れる人もなくて、《惑ひ》行きけり。問：《　》の訳は？,だまされながら;道に迷いながら,1,
3,npc4,文６三河の国、八橋といふ所にいたりぬ。問：三河の国はどのあたりか。,愛知;静岡;神奈川・東京・埼玉;千葉・茨城,0,八橋は名古屋市の近く。
3,npc4,文６三河の国、八橋といふ所にいたり《ぬ》。問：《　》の意味は？,完了;強意,0,完了は「～てしま[う・った]。強意は「きっと」。下に推量の助動詞がある場合のみ、強意になる。例：花咲き《ぬ》べし（花は《きっと》咲くだろう）←この「べし」は推量(～だろう）
3,npc4,文７そこを八橋といひけるは、《水行く》川の蜘蛛手なれば、橋を八つ渡せるによりてなむ、八橋といひける。問：《　》の訳として適切なのは？,水が行く;水が流れる,1,
3,npc4,文７そこを八橋といひけるは、水行く川の《蜘蛛手》なれば、橋を八つ渡せるによりてなむ、八橋といひける。問：《　》の訳として適切なのは？,蜘蛛の手;蜘蛛の足,1,
3,npc4,文７そこを八橋といひけるは、水行く川の蜘蛛手《なれ》ば、橋を八つ渡せるによりてなむ、八橋といひける。問：《　》の助動詞の意味は次のどれになるか。,過去;推量;断定;完了;存続;意志;打消,2,終止形は「なり」。訳は「だ・である」。
3,npc4,文７そこを八橋といひけるは、水行く川の蜘蛛手《なれ》ば、橋を八つ渡せるによりてなむ、八橋といひける。問：《　》は何形か。,未然形;連用形;終止形;連体形;已然形;命令形,4,「だ・である」と訳せる「なり」は、形容動詞のナリ活用と同じ活用の仕方（[なら|なり・に|なり|なる|なれ|なれ]でラ変型）をする。「なれ」になるのは已然形か、命令形だが、「ば」は命令形にはつかないので、已然形。
3,npc4,文７そこを八橋といひけるは、水行く川の蜘蛛手なれ《ば》、橋を八つ渡せるによりてなむ、八橋といひける。問：《　》の「ば」は次の三つの訳を持つ。ここではどれ？,もし～ならば;～ので;～すると・～したところ,1,断定の助動詞「なり」が「なれ」という形になるのは、已然形と命令形のとき（なら|なり・に|なり|なる|なれ|なれ）だが、「ば」は未然形か已然形にしかつかないから、この「なれ」は已然形である。●未然形＋「ば」→もし～ならば　●已然形＋「ば」で、「ば」の前の出来事から「ば」の後の出来事が予想できる場合→～ので　●已然形＋「ば」で、「ば」の前の出来事から「ば」の後の出来事が予想できない場合→～すると・～したところ
3,npc4,文７そこを八橋といひけるは、水行く川の蜘蛛手なれば、橋を八つ渡せ《る》によりてなむ、八橋といひける。問：《　》の意味は？,完了;存続,1,終止形は「り」。●～の瞬間に注目→完了（～てしま[う・った]・た）　●～の後の状態に注目→存続（～ている・てある）
3,npc4,文７そこを八橋といひけるは、水行く川の蜘蛛手なれば、橋を八つ渡せるによりて《なむ》、八橋といひける。問：《　》の意味は？,強意;疑問;反語,0,「なむ」は係り結びを起こす「ぞ・なむ・や・か・こそ」の「なむ」。「ぞ・なむ・や・か」があると文末は連体形、「こそ」があると文末は已然形になる。「ぞ・なむ・こそ」は強意、「や・か」は疑問か反語の意味を付け加える。
3,npc4,文７そこを八橋といひけるは、水行く川の蜘蛛手なれば、橋を八つ渡せるによりて《なむ》、八橋といひける。問：《　》があると文末は何形になるか。,未然;連用;終止;連体;已然;命令,3,「なむ」は係り結びを起こす「ぞ・なむ・や・か・こそ」の「なむ」。「ぞ・なむ・や・か」があると文末は連体形、「こそ」があると文末は已然形になる。「ぞ・なむ・こそ」は強意、「や・か」は疑問か反語の意味を付け加える。
3,npc4,文８その《沢》のほとりの木のかげに下りゐて、乾飯食ひけり。問：《　》は次のどちらを指すか。,水がたまり、草が生えている低地の湿地帯;谷川,1,
3,npc4,文８その沢のほとりの木のかげに《下りゐ》て、乾飯食ひけり。問：何から降りたのか。,崖;丘;牛車;山;馬,4,
3,npc4,文８その沢のほとりの木のかげに《下りゐ》て、乾飯食ひけり。問：《　》の訳として正しいのは？,降りて立つ;降りて座る,1,終止形は「下（お）りゐる」である。「ひいきにみゐ～る」の｢ゐる」（漢字で書けば居る）が、「下（お）る」についてできた言葉。「居る」は「座っている」という意味。
3,npc4,文９その沢にかきつばた《いと》おもしろく咲きたり。問：《　》の訳は？,わずかに;ある程度;とても,2,
3,npc4,文９その沢にかきつばたいと《おもしろく》咲きたり。問：《　》の品詞は？,動詞;形容詞;形容動詞;助動詞,1,終止形は「おもしろし」である。
3,npc4,文９その沢にかきつばたいと《おもしろく》咲きたり。問：《　》の訳は？,面白く;美しく,1,
3,npc4,文９その沢にかきつばたいとおもしろく咲き《たり》。問：《　》の意味は？,完了;存続,1,●～の瞬間に注目→完了（～てしま[う・った]・た）　●～の後の状態に注目→存続（～ている・てある）
3,npc4,文10それを見て、ある人《の》いはく、「かきつばたといふ五文字を句の上に据ゑて、旅の心をよめ。」と言ひければ、よめる。問：《　》の訳は？,の;が,1,
3,npc4,文10それを見て、ある人の《いはく》、「かきつばたといふ五文字を句の上に据ゑて、旅の心をよめ。」と言ひければ、よめる。問：《　》の訳は？,言うには;思うに;博士,0,
3,npc4,文10それを見て、ある人のいはく、「かきつばたといふ五文字を句の上に《据ゑ》て、旅の心をよめ。」と言ひければ、よめる。問：《　》の活用の行は？,ア行;カ行;サ行;タ行;ナ行;ハ行;マ行;ヤ行;ラ行;ワ行,9,終止形は「据う」で、「ず」をつけると「据《ゑ》ず」となり、「ず」の上がエ段になるので、下二段活用。「ゑ」が何行に含まれるているかを考える。
3,npc4,文10それを見て、ある人のいはく、「かきつばたといふ五文字を句の上に据ゑて、旅の心をよめ。」と言ひ《けれ》ば、よめる。問：《　》は何形か？,未然;連用;終止;連体;已然;命令,4,「けれ」は過去の助動詞で、終止形は「けり」。「けり」はラ変型で、「けら|○|けり|ける|けれ|○」と活用する。
3,npc4,文10それを見て、ある人のいはく、「かきつばたといふ五文字を句の上に据ゑて、旅の心をよめ。」と言ひけれ《ば》、よめる。問：《　》の訳は？,もし～ならば;～ので;～すると・～したところ,1,◎直前の「けれ」は已然形である。●未然形＋「ば」→もし～ならば　●已然形＋「ば」で、「ば」の前の出来事から「ば」の後の出来事が予想できる場合→～ので　●已然形＋「ば」で、「ば」の前の出来事から「ば」の後の出来事が予想できない場合→～すると・～したところ
3,npc4,文10それを見て、ある人のいはく、「かきつばたといふ五文字を句の上に据ゑて、旅の心をよめ。」と言ひければ、よめ《る》。問：《　》の意味は？,完了;存続,0,※終止形は「り」。「たり」と同じ意味を持つ。●～の瞬間に注目→完了（～てしま[う・った]・た）　●～の後の状態に注目→存続（～ている・てある）。※文末なのに連体形の「る」になっている理由→「…よめ《る》歌。」と書くべきところなのに「歌」を省略して書いてしまったため。（名詞は消えてしまったが、連体形という形だけ残った。）歌を紹介するときはこういう書き方（「歌」を省略する書き方）をよくする。
3,npc4,文11《唐衣》きつつなれにしつましあればはるばるきぬる旅をしぞ思ふ　問：《　》の「唐衣」とは？,中国風の衣服;衣服のことを美しい響きで言い表したもの,1,中国はあこがれの国だったので、きれいな服を唐衣と呼んだ。ただ、この歌を詠んだとき、きれいな服を着ていたわけではない。歌の中はキラキラ感じにしたいので、ただの服でも「唐衣」という表現にすることが多かった。
3,npc4,文11唐衣き《つつ》なれにしつましあればはるばるきぬる旅をしぞ思ふ　問：《　》は次のどの意味？,～ては;～し続けて;～しながら,1,①二種類の行動を交互に実施→～ては　例：Ａ竹を取り《つつ》（竹を取っては）Ｂよろづのことに使ふ　※「Ａ→Ｂ」の繰り返し　②一種類の行動の継続→;～し続けて　例：思ひつつ（思い続けて）ありけり　③※二種類の行動を同時に実施→～しながら　例：歌をＡ《聞き》つつ、Ｂ《舟を漕ぐ》
3,npc4,文11唐衣きつつ《なれ》にし《つま》しあれば《はるばる》《き》ぬる旅をしぞ思ふ　問：《　》のように一つの言葉に二つの意味を持たせたものを何と言うか。,掛詞;枕詞;折句;縁語,0,●なれ[終止形『なる』]→「褻る」([衣服が]よれよれになる）と「慣る」（慣れ親しむ）　●つま→「褄」（＝裾[すそ]）と「妻」　●はるばる→「遙々」（遠くはるばる）と「張る張る」（ぴんと張る）　●き→「着」と「来」　※選択肢の読み方：掛詞（かけことば）・枕詞（まくらことば）・折句（おりく）・縁語（えんご）　
3,npc4,文11唐衣きつつなれ《に》しつましあればはるばるきぬる旅をしぞ思ふ　問：《　》の意味は？,完了;強意,0,助動詞「ぬ」が活用したもの。助動詞「ぬ」はラ変型[な|《に》|ぬ|ぬる|ぬれ|ね]。「ぬ」は二つの意味を持つ。①完了（～てしま[う・った]・た）②強意（きっと～）※下に推量の助動詞がある場合のみ、強意になる。例花咲き《ぬ》べし（花は《きっと》咲くだろう）←この「べし」は推量(～だろう）
3,npc4,文11唐衣きつつなれにしつましあればはるばるき《ぬる》旅をしぞ思ふ　問：《　》の意味は？,完了;強意,0,助動詞「ぬ」が活用したもの。助動詞「ぬ」はラ変型[な|に|ぬ|《ぬる》|ぬれ|ね]。「ぬ」は二つの意味を持つ。①完了（～てしま[う・った]・た）②強意（きっと～）※下に推量の助動詞がある場合のみ、強意になる。例花咲き《ぬ》べし（花は《きっと》咲くだろう）←この「べし」は推量(～だろう）
3,npc4,文11唐衣きつつなれに《し》つましあればはるばるきぬる旅をしぞ思ふ　問：《　》は次のどれにあたるか。,サ変動詞「す」の連用形;過去の助動詞「き」の連体形;強意の意味を付け加える助詞,1,●「する」と訳せる場合→サ変動詞「す」の連用形（せ|《し》|す|する|すれ|せよ）例　うつくしきさま《し》て　●連用形＋「し」＋名詞の場合→過去の助動詞「き」の連体形（せ|○|き|《し》|しか|○）　例　過ぎ去り《し》日々　●削除しても不自然にならない場合→強意の意味を付け加える助詞　※《連用形＋し＋名詞》の「し」がなぜ過去の助動詞「き」と言えるのか→①上が連用形だから、連用形につく助動詞のはず。②下が名詞だから連体形になっているはず。①＋②→連用形につく助動詞で、連体形が「し」になるのは過去の助動詞「き」だけ。
3,npc4,文11唐衣きつつなれにしつま《し》あればはるばるきぬる旅をしぞ思ふ　問：《　》は次のどれにあたるか。,サ変動詞「す」の連用形;過去の助動詞「き」の連体形;強意の意味を付け加える助詞,2,●「する」と訳せる場合→サ変動詞「す」の連用形（せ|《し》|す|する|すれ|せよ）例　うつくしきさま《し》て　●連用形＋「し」＋名詞の場合→過去の助動詞「き」の連体形（せ|○|き|《し》|しか|○）　例　過ぎ去り《し》日々　●削除しても不自然にならない場合→強意の意味を付け加える助詞　※《連用形＋し＋名詞》の「し」がなぜ過去の助動詞「き」と言えるのか→①上が連用形だから、連用形につく助動詞のはず。②下が名詞だから連体形になっているはず。①＋②→連用形につく助動詞で、連体形が「し」になるのは過去の助動詞「き」だけ。
3,npc4,文11唐衣きつつなれにしつましあればはるばるきぬる旅を《し》ぞ思ふ　問：《　》は次のどれにあたるか。,サ変動詞「す」の連用形;過去の助動詞「き」の連体形;強意の意味を付け加える助詞,2,●「する」と訳せる場合→サ変動詞「す」の連用形（せ|《し》|す|する|すれ|せよ）例　うつくしきさま《し》て　●連用形＋「し」＋名詞の場合→過去の助動詞「き」の連体形（せ|○|き|《し》|しか|○）　例　過ぎ去り《し》日々　●削除しても不自然にならない場合→強意の意味を付け加える助詞　※《連用形＋し＋名詞》の「し」がなぜ過去の助動詞「き」と言えるのか→①上が連用形だから、連用形につく助動詞のはず。②下が名詞だから連体形になっているはず。①＋②→連用形につく助動詞で、連体形が「し」になるのは過去の助動詞「き」だけ。
3,npc4,文11唐衣きつつなれにしつまし《あれ》ばはるばるきぬる旅をしぞ思ふ　問：《　》は何形か。,未然形;連用形;終止形;連体形;已然形;命令形,4,「あり」はラ変型[ら|り|り|る|れ|れ]で活用する。「あれ」になるのは已然形か、命令形だが、「ば」は命令形にはつかないので、已然形。
3,npc4,文11唐衣きつつなれにしつましあれ《ば》はるばるきぬる旅をしぞ思ふ　問：《　》の訳は？,もし～ならば;～ので;～すると・～したところ,1,「あり」が「あれ」という形になるのは、已然形と命令形のとき（ら|り|り|る|れ|れ）だが、「ば」は未然形か已然形にしかつかないから、この「れ」は已然形である。●未然形＋「ば」→もし～ならば　●已然形＋「ば」で、「ば」の前の出来事から「ば」の後の出来事が予想できる場合→～ので　●已然形＋「ば」で、「ば」の前の出来事から「ば」の後の出来事が予想できない場合→～すると・～したところ
3,npc4,文11唐衣きつつなれにしつましあればはるばるきぬる旅をし《ぞ》思ふ　問：《　》の意味は？,強意;疑問;反語,0,「ぞ」は係り結びを起こす「ぞ・なむ・や・か・こそ」の「ぞ」。「ぞ・なむ・や・か」があると文末は連体形、「こそ」があると文末は已然形になる。「ぞ・なむ・こそ」は強意、「や・か」は疑問か反語の意味を付け加える。
3,npc4,文11唐衣きつつなれにしつましあればはるばるきぬる旅をしぞ《思ふ》　問：「思ふ」は何形か。,未然;連用;終止;連体;已然;命令,3,直前の「ぞ」は係り結びを起こす「ぞ・なむ・や・か・こそ」の「ぞ」。「ぞ・なむ・や・か」があると文末は連体形、「こそ」があると文末は已然形になる。「ぞ・なむ・こそ」は強意、「や・か」は疑問か反語の意味を付け加える。
3,npc4,文11唐衣きつつなれにしつましあればはるばるきぬる旅をしぞ思ふ　問：歌の説明として正しいのはどれ？,妻への思いをストレートに歌っている。;まだ旅の序盤で、表だって妻への思いを歌うわけにもいかず、その思いを着物の調子をユーモラスに歌う中に潜めている。;まだ旅の序盤で、表だって妻への思いを歌うわけにもいかず、その思いを着物の調子を格調高く歌う中に潜めている。,1,
3,npc4,文12とよめ《り》ければ、みな人、乾飯の上に涙落としてほとびにけり。　問：《　》の意味は？,完了;存続,0,※「たり」と同じ意味を持つ助動詞。終止形は「り」。ラ変型で活用（ら・《り》・り・る・れ・れ）。下にある「けり」が連用形につく助動詞なので、ここでは連用形になっている。●～の瞬間に注目→完了（～てしまう・った]・た）　●～の後の状態に注目→存続（～ている・てある）。
3,npc4,文12とよめり《けれ》ば、みな人、乾飯の上に涙落としてほとびにけり。　問：《　》の活用形は？,未然;連用;終止;連体;已然;命令,4,「けれ」は過去の助動詞で、終止形は「けり」。「けり」はラ変型で、「けら|○|けり|ける|けれ|○」と活用する。
3,npc4,文12とよめりけれ《ば》、みな人、乾飯の上に涙落としてほとびにけり。　問：《　》の訳は？,もし～ならば;～ので;～すると・～したところ,1,◎直前の「けれ」は已然形である。●未然形＋「ば」→もし～ならば　●已然形＋「ば」で、「ば」の前の出来事から「ば」の後の出来事が予想できる場合→～ので　●已然形＋「ば」で、「ば」の前の出来事から「ば」の後の出来事が予想できない場合→～すると・～したところ
3,npc4,文12とよめりければ、みな人、乾飯の上に涙落として《ほとび》にけり。　問：《　》の訳は？,ふやける;塩辛くなる;食べられなくなる;はねる,0,終止形は「ほとぶ」（「潤ぶ」）
3,npc4,文12とよめりければ、みな人、乾飯の上に涙落として《ほとび》にけり。　問：《　》の主語は次のどれか。,みな人;乾飯;涙,1,
3,npc4,文12とよめりければ、みな人、乾飯の上に涙落としてほとび《に》けり。　問：《　》の活用形は？,未然;連用;終止;連体;已然;命令,1,「《に》けり」とある場合は、だいたいの場合、「に」（完了の助動詞「ぬ」が活用したもの）＋「けり」（過去の助動詞）で、「～てしまった」と訳す。完了の助動詞「ぬ」はナ変型[な|《に》|ぬ|ぬる|ぬれ|ね]で活用する。
3,npc4,問：「唐衣きつつなれにしつましあればはるばるきぬる旅をしぞ思ふ」という歌を聞いて、「みな人」が泣いたことをふまえるとどちらの可能性が高いと言えるか。,都に恋しく思う人を残しているのは歌を詠んだ男だけだった。;みな、都に恋しく思う人を残していた。,1,
3,npc4,問：「唐衣きつつなれにしつましあればはるばるきぬる旅をしぞ思ふ」の歌と「乾飯の上に涙落としてほとびにけり」という表現に共通する特徴は次のどちらか。,悲しみをストレートに表現している。;悲しみを格調高く美しく表現している。;おかしさの中ににじむ悲しみを描いている。,2,
4,npc5,文13《行き行きて》、駿河の国にいたりぬ。問：《　》の訳として適切なものは？,休み休み行って;どんどん行って;歩き疲れて,1, 同じ動詞を重ねて使っている場合はその動作が継続していることを表す。
4,npc5,文13行き行きて、駿河の国にいたり《ぬ》。問：《　》の意味は？,完了;強意,0,完了は「～てしま[う・った]。強意は「きっと」。下に推量の助動詞がある場合のみ、強意になる。例：花咲き《ぬ》べし（花は《きっと》咲くだろう）←この「べし」は推量(～だろう）
4,npc5,文14宇津の山にいたりて、《わ》が入らむとする道はいと暗う細きに、蔦・楓は茂り、もの心細く、すずろなる目を見ることと思ふに、修行者会ひたり。問：《　》は誰を指す？,語り手;男（主人公）;修行者,1,「思ふ」まで男（主人公）の視点で語られている。
4,npc5,文14宇津の山にいたりて、わが入らむとする道はいと暗う細きに、蔦・楓は茂り、もの心細く、すずろなる目を見ることと《思ふ》に、修行者会ひたり。問：《　》の主語は？,語り手;男（主人公）;修行者,1,「思ふ」まで男（主人公）の視点で語られている。
4,npc5,文14宇津の山にいたりて、わが入ら《む》とする道はいと暗う細きに、蔦・楓は茂り、もの心細く、すずろなる目を見ることと思ふに、修行者会ひたり。問：《　》は次のどちら？,意志（しよう）;推量（だろう）,0,【Ａ】「む」＋[名詞か名詞省略]→①検討中の案だったら、仮定（としたら）。例　僧になさ《む》[こと]は苦し。②検討中の案でないなら、婉曲（訳不要）。例　し出さ《む》[こと]を待つ。※柔らかにするための「む」　【Ｂ】「む」(下には名詞は絶対来ない）→（１）提案してない場合で、①自分以外の未来を述べているなら、推量（だろう）。例　雨降ら《む》。②自分の未来を述べているなら、意志（しよう）。例　我肉食は《む》。※「むとす」の場合は主語が生き物なら自分以外でも意志。（生き物以外なら推量）　例　虎、鹿を食はむとす。（２）提案している場合で、①相手がいるなら、勧誘（したらどうか）。例　一郎、花を見てこそ帰ら《め》。②独り言っぽいなら、適当（のがよい）。例　子はなくてありな《む》。参考：この「む」の前の「な」は完了の「ぬ」（《な》|に|ぬ|ぬる|ぬれ|ね）。ここは強意の意味で使われている。未然形「な」になっているのは「む」が未然形につく助動詞だから。
4,npc5,文14宇津の山にいたりて、わが入らむとする道は《いと》暗う細きに、蔦・楓は茂り、もの心細く、すずろなる目を見ることと思ふに、修行者会ひたり。問：《　》の訳は？,わずかに;ある程度;とても,2,
4,npc5,文14宇津の山にいたりて、わが入らむとする道はいと《暗う》細きに、蔦・楓は茂り、もの心細く、すずろなる目を見ることと思ふに、修行者会ひたり。問：《　》の品詞は？,動詞;形容詞;形容動詞;助動詞,1,終止形は「暗し」。
4,npc5,文14宇津の山にいたりて、わが入らむとする道はいと《暗う》細きに、蔦・楓は茂り、もの心細く、すずろなる目を見ることと思ふに、修行者会ひたり。問：《　》を通常の形に戻すと次のどれ？,暗く;暗し;暗き,0,形容詞の連用形の「く」は「う」に変わってしまう場合がある。このように言いやすい方向に音が変化することを音便(おんびん)と呼び、「う」に変わってしまう場合はウ音便と呼ぶ。ウ音便の例：高《く》→高《う》／うれし《く》→うれし《う》
4,npc5,文14宇津の山にいたりて、わが入らむとする道はいと暗う《細き》に、蔦・楓は茂り、もの心細く、すずろなる目を見ることと思ふに、修行者会ひたり。問：《　》の活用の種類は？,四段;上二段;下二段;上一段;下一段;ク活用;シク活用;ナリ活用;タリ活用,5,終止形にすると「細し」になる。「なる」をつけると「細くなる」となり、「し」が消える。
4,npc5,文14宇津の山にいたりて、わが入らむとする道はいと暗う《細き》に、蔦・楓は茂り、もの心細く、すずろなる目を見ることと思ふに、修行者会ひたり。問：《　》は何形になっているか。,未然;連用;終止;連体;已然;命令,3,ク活用の活用表＝く・から|く・かり|し|き・かる|けれ|かれ|
4,npc5,文14宇津の山にいたりて、わが入らむとする道はいと暗う細きに、蔦・楓は茂り、もの心細く、《すずろなる》目を見ることと思ふに、修行者会ひたり。問：この語の品詞は？,動詞;形容詞;形容動詞;助動詞,2, 「思いがけない」という意味を表す語で、終止形は「すずろなり」になる。
4,npc5,文14宇津の山にいたりて、わが入らむとする道はいと暗う細きに、蔦・楓は茂り、もの心細く、すずろなる目を見ることと思ふに、《修行者会ひたり》。問：誰が誰に会ったのか。,男が修行者に会った。;修行者が男に会った。,1,この部分から主語が変わる。
4,npc5,文14宇津の山にいたりて、わが入らむとする道はいと暗う細きに、蔦・楓は茂り、もの心細く、すずろなる目を見ることと思ふに、《修行者》会ひたり。問：古文における「修行者」の読みは？,しゅぎょうしゃ;すぎょうしゃ;しゅぎょうざ;すぎょうざ,3,
4,npc5,文14宇津の山にいたりて、わが入らむとする道はいと暗う細きに、蔦・楓は茂り、もの心細く、すずろなる目を見ることと思ふに、修行者会ひ《たり》。問：《　》の意味は？,完了;存続,0,●完了（～てしま[う・った]・た）←～の瞬間に注目。●存続（～ている・てある）←～の後の状態に注目。
4,npc5,文14宇津の山にいたりて、わが入らむとする道はいと暗う細きに、蔦・楓は茂り、もの心細く、すずろなる目を見ることと思ふに、修行者会ひたり。文15「《かかる》道はいかでかいまする。」問：「かかる」道とはどのような道を指すか。,いと暗き道;いと細き道;いと暗う細き道;いと暗う細きに蔦・楓の茂る道,3,「かかる」は「このような」という意味である。
4,npc5,文15「かかる道は《いかで》かいまする。」問：《　》の訳は？,どうして;何を;いつ;どこで,0,
4,npc5,文15「かかる道はいかで《か》いまする。」問：《　》の意味は？,強意;疑問;反語,1,「か」は係り結びを起こす「ぞ・なむ・や・か・こそ」の「か」。「ぞ・なむ・や・か」があると文末は連体形、「こそ」があると文末は已然形になる。「ぞ・なむ・こそ」は強意、「や・か」は疑問か反語の意味を付け加える。疑問か反語かは前後の内容から判断する。
4,npc5,文15「かかる道はいかで《か》いまする。」問：《　》があると文末は何形になるか？。,未然;連用;終止;連体;已然;命令,3,「か」は係り結びを起こす「ぞ・なむ・や・か・こそ」の「か」。「ぞ・なむ・や・か」があると文末は連体形、「こそ」があると文末は已然形になる。「ぞ・なむ・こそ」は強意、「や・か」は疑問か反語の意味を付け加える。疑問か反語かは前後の内容から判断する。
4,npc5,文15「かかる道はいかで《か》いまする。」と言ふを見れば、見し人なりけり。問：《　》によって活用形が終止形ではなくなっているのは次のどちら？,いまする;けり,0,「ぞ・なむ・や・か・こそ」を含む文の文末の活用形が連体形や已然形に変わる。
4,npc5,文15「かかる道はいかでか《いまする》。」問：《　》は次のどれにあたるか。,尊敬語;謙譲語;丁寧語,0,終止形は「います」。「いらっしゃる」と訳す。①尊敬語：主語を持ち上げて、主語に対する敬意を表す。主語＝敬意の対象。例：《お客様》が話す。→主語を高める→《お客様》が《話される》。②謙譲語：主語を低めて、相手に対する敬意を表す。相手＝敬意の対象。例：私が《お客様》に話す→私を低める→《私が》お客様に《申し上げる》。③丁寧語：丁寧な言葉を使うことで聞き手や読み手への敬意を表す。例「机がある。」→聞き手・読み手に丁寧に→「机があり《ます》。」
4,npc5,文15「かかる道はいかでかいまする。」と言ふを《見れ》ば、見し人なりけり。問：《　》の活用形は？,未然;連用;終止;連体;已然;命令,4,「見れ」の終止形は「見る」で、「ひいきに《み》ゐー《る》」の中にあるから上一段活用。上一段活用の活用パターンは「イ|イ|イる|イる|イれ|イよ」
4,npc5,文15「かかる道はいかでかいまする。」と言ふを見れ《ば》、見し人なりけり。問：《　》の訳はどれ？,もし～ならば;～ので;～すると・～したところ,2,直前の「みれ」は已然形である。●未然形＋「ば」→もし～ならば　●已然形＋「ば」で、「ば」の前の出来事から「ば」の後の出来事が予想できる場合→～ので　●已然形＋「ば」で、「ば」の前の出来事から「ば」の後の出来事が予想できない場合→～すると・～したところ　※「～と言う人がいた」という出来事から、その人が「見し人」（知り合い）であることは予想できない。
4,npc5,文15「かかる道はいかでかいまする。」と言ふを見れば、見《し》人なりけり。問：《　》の「し」は次のどれか。,サ変動詞「す」の連用形;過去の助動詞「き」の連体形;強意の意味を付け加える助詞,1,「し」の前の「見」は「見る」の未然形か連用形（《み》|《み》|みる|みる|みれ|みよ）。「し」の後の「人」は名詞。●「する」と訳せる場合→サ変動詞「す」の連用形（せ|《し》|す|する|すれ|せよ）例　うつくしきさま《し》て　●連用形＋「し」＋名詞の場合→過去の助動詞「き」の連体形（せ|○|き|《し》|しか|○）　例　過ぎ去り《し》日々　●削除しても不自然にならない場合→強意の意味を付け加える助詞　※《連用形＋し＋名詞》の「し」がなぜ過去の助動詞「き」と言えるのか→①上が連用形だから、連用形につく助動詞のはず。②下が名詞だから連体形になっているはず。①＋②→連用形につく助動詞で、連体形が「し」になるのは過去の助動詞「き」だけ。
4,npc5,文15「かかる道はいかでかいまする。」と言ふを見れば、見し人《なり》けり。問：「なり」の意味は？,推定;断定,1,「なり」の前の「人」が名詞（体言）であることをふまえて考える。断定(だ・である)の助動詞｢なり｣は体言（＝名詞）や連体形につく。推定（ようだ）の助動詞「なり」はラ変以外には終止形に、ラ変には連体形につく。
4,npc5,文16京に、《その人》の御もとにとて、文書きてつく。問：「その人」とは？,修行僧;友人;妻,2,
4,npc5,文16京に、その人の《御》もとにとて、文書きてつく。問：《　》から「その人」の身分についてどんなことがわかるか。,男より高い身分;男と同じ身分;男より下の身分,0,
4,npc5,文16京に、その人の御もとにとて、文《書きて》つく。問：誰に向けて書いたのか。,男;修行僧;その人,2, 「文」は手紙という意味。
4,npc5,文16京に、その人の御もとにとて、文書きて《つく》。問：誰に託したのか。,男;修行僧;その人,1,「つく」は「託す」という意味。
4,npc5,文16京に、その人の御もとにとて、文書きて《つく》。問：何を託したのか。,その人;御もと;文,2,「つく」は「託す」という意味。
4,npc5,文17《駿河》なる宇津の山べのうつつにも夢にも人にあはぬなりけり　問：《　》はどのあたりか？,愛知;静岡;神奈川・東京・埼玉;千葉・茨城,1, 富士山は駿河にある。
4,npc5,文17駿河《なる》宇津の山べのうつつにも夢にも人にあはぬなりけり　問：《　》の意味は次のどちら？,～である;～にある,1,「なる」の終止形は「なり」で断定の助動詞。断定の助動詞は通常は「～だ・～である」と訳すが、上に地名がある場合は「～にある」という訳になる。
4,npc5,文17駿河なる宇津の山べの《うつつ》にも夢にも人にあはぬなりけり 問：《　》の訳は？,うつらうつら;現実;うつろ,1,
4,npc5,文17駿河なる宇津の山べのうつつにも夢にも人に《あは》ぬなりけり 問：《　》は何形か？,未然;連用;終止;連体;已然;命令,0,終止形は「あふ」で、「ず」をつけると「あはず」になり、「ず」の上がア段になるので、四段活用（ア|イ|ウ|ウ|エ|エ）である。
4,npc5,文17駿河なる宇津の山べのうつつにも夢にも人にあは《ぬ》なりけり　問：《　》は次のどちら？,完了;強意;打消,2,直前の「あは」が未然形であることをふまえて考える。●完了（てしま[う・った]・た）の「ぬ」の終止形（な|に|《ぬ》|ぬる|ぬれ|ね）。※連用形につく。※下に推量の助動詞があるときは強意[きっと～]の意味になる。●打消（ない）の「ず」の連体形（ず・ざら|ず・ざり|ず|《ぬ》・ざる|ね・ざれ|ざれ）。※未然形につく。
4,npc5,文17駿河なる宇津の山べのうつつにも夢にも人にあはぬ《なり》けり　問：「なり」の意味は？,推定;断定,1,「なり」の前の「ぬ」が打消の助動詞「ず」の連体形（ず・ざら|ず・ざり|ず|《ぬ》・ざる|ね・ざれ|ざれ）であることをふまえて考える。【１：基本情報】①断定(だ・である)の助動詞｢なり｣は体言（＝名詞）や連体形につく。②推定（ようだ）の助動詞「なり」はラ変型以外には終止形に、ラ変型には連体形につく。③「ず」にはラ変型以外で活用する部分《ず・ず・ず（終止形）・ぬ（連体形）・ね・ー》とラ変型で活用する部分《ざら・ざり・－・ざる（連体形）・ざれ・ざれ》がある。【結論】推定の「なり」はラ変型ではない場合は終止形につくため、ラ変型ではない連体形「ぬ」につくことはないから「ぬなり」の「なり」は断定の「なり」だということになる。【参考①】昔の人もこの見分け方に苦労したのか、見分けしやすい形に使い方が固定されるようになり、『断定なら必ず「ぬなり」を使い、推定なら必ず「ざるなり」を使うようになった』。【参考②】「ざるなり」は「ざんなり」と発音されるようになり、「ん」を省略して「ざなり」と書かれた。→→しがたって→→「ざなり」とある場合の「なり」は推定、「ぬなり」の「なり」は断定、ということになる。例　家にはあらざなり[読むときは『あらざんなり』と読む]（家にはいないようだ）。家にはあらぬなり。（家にはいないのだ。）
5,npc6,文18富士の山を《見れ》ば、五月のつごもりに、雪いと白う降れり。問：《 》の活用形は？,未然;連用;終止;連体;已然;命令,4,「見れ」の終止形は「見る」で、「ひいきに《み》ゐー《る》」の中にあるから上一段活用。上一段活用の活用パターンは「イ|イ|イる|イる|イれ|イよ」
5,npc6,文18富士の山を見れ《ば》、五月のつごもりに、雪いと白う降れり。問：《 》の訳はどれ？,もし～ならば;～ので;～すると・～したところ,2,直前の「見れ」が已然形であることをふまえて考える。●未然形＋「ば」→もし～ならば　●已然形＋「ば」で、「ば」の前の出来事から「ば」の後の出来事が予想できる場合→～ので　●已然形＋「ば」で、「ば」の前の出来事から「ば」の後の出来事が予想できない場合→～すると・～したところ　※「富士の山を見た」という出来事から、その富士山に雪が積もっていることは予想できない。
5,npc6,文18富士の山を見れば、五月の《つごもり》に、雪いと白う降れり。問：《 》の意味は次のどれ？,月の初め;月の中旬;月末,2, 《つごもり》は漢字だと「月籠り」または「月隠る」と書く。月の最初の日「ついたち」は漢字で書くと「月立ち」。
5,npc6,文18富士の山を見れば、五月のつごもりに、雪《いと》白う降れり。問：《 》の訳は？,わずかに;ある程度;とても,2,
5,npc6,文18富士の山を見れば、五月のつごもりに、雪いと《白う》降れり。問：《 》の品詞は？,動詞;形容詞;形容動詞;助動詞,1, 終止形にすると「白し」になる。ここは、本来なら「白く」と書くべきところだが、音便化が起こり、「白う」になっている。【音便とは？】形容詞の連用形の「く」は「う」に変わってしまう場合がある。このように言いやすい方向に音が変化することを音便(おんびん)と呼び、「う」に変わってしまう場合はウ音便と呼ぶ。ウ音便の例：高《く》→高《う》／うれし《く》→うれし《う》
5,npc6,文18富士の山を見れば、五月のつごもりに、雪いと《白う》降れり。問：《　》を通常の形に直すと次のどれ？,白く;白し;白き,0,形容詞の連用形の「く」は「う」に変わってしまう場合がある。このように言いやすい方向に音が変化することを音便(おんびん)と呼び、「う」に変わってしまう場合はウ音便と呼ぶ。ウ音便の例：高《く》→高《う》／うれし《く》→うれし《う》
5,npc6,文18富士の山を見れば、五月のつごもりに、雪いと白う降れ《り》。問：《 》の意味は？,完了;存続,1,●完了（～てしま[う・った]・た）←～の瞬間に注目。●存続（～ている・てある）←～の後の状態に注目。
5,npc6,文19時《知ら》ぬ山は富士の嶺いつとてか鹿の子まだらに雪の降るらむ　問：《 》は何形か。,未然;連用;終止;連体;已然;命令,0,《　》の終止形は「知る」で、「ず」をつけると「知《ら》ず」になり、「ず」の上がア段になるので、四段活用（ア|イ|ウ|ウ|エ|エ）である。
5,npc6,文19時知ら《ぬ》山は富士の嶺いつとてか鹿の子まだらに雪の降るらむ　問：《 》の意味は？,完了;打消,1,直前の「知ら」は未然形であることをふまえて考える。●完了（てしま[う・った]・た）の「ぬ」の終止形（な|に|《ぬ》|ぬる|ぬれ|ね）。※連用形につく。※下に推量の助動詞があるときは強意[きっと～]の意味になる。●打消（ない）の「ず」の連体形（ず・ざら|ず・ざり|ず|ぬ・ざる|ね・ざれ|ざれ）。※未然形につく。
5,npc6,文19時知らぬ山は富士の嶺いつ《とて》か鹿の子まだらに雪の降るらむ　問：《 》はどちらで訳すのが適切か。,～と言って;～と思って,1,
5,npc6,文19時知らぬ山は富士の嶺いつとて《か》鹿の子まだらに雪の降るらむ 問：《 》の意味は？,強意;疑問;反語,1,「か」は係り結びを起こす「ぞ・なむ・や・か・こそ」の「か」。「ぞ・なむ・や・か」があると文末は連体形、「こそ」があると文末は已然形になる。「ぞ・なむ・こそ」は強意、「や・か」は疑問か反語の意味を付け加える。疑問か、反語かは前後の内容で判断。
5,npc6,文19時知らぬ山は富士の嶺いつとて《か》鹿の子まだらに雪の降るらむ　問：《　》があると文末は何形になるか。,未然;連用;終止;連体;已然;命令,3,「か」は係り結びを起こす「ぞ・なむ・や・か・こそ」の「か」。「ぞ・なむ・や・か」があると文末は連体形、「こそ」があると文末は已然形になる。「ぞ・なむ・こそ」は強意、「や・か」は疑問か反語の意味を付け加える。疑問か、反語かは前後の内容で判断。
5,npc6,文19時知らぬ山は富士の嶺いつとてか鹿の子まだらに雪の降る《らむ》　問：《　》は次のどちらにあたるか。,現在推量;現在の原因推量,1,訳はどちらも「だろう」になる。●現在推量：【今起こっている、見えていないこと】＋らむ（【今起こっていること】を推測）　例　父、いまだ帰らず。【会社にて残業す】《らむ》。●現在の原因推量：【疑問詞】＋今起こっている、見えていること＋らむ　例　【などて】（＝どうして）死にたるものの生き返る《らむ》。文19は、疑問詞（いつとてか）＋今見えていること（鹿の子まだらに雪の降る）＋「らむ」だから、現在の原因推量。
5,npc6,文20その山は、《ここ》にたとへば、比叡の山を二十ばかり重ね上げたらむほどして、なりは塩尻のやうになむありける。問：《 》はどこを指すか。,富士山の周辺;京;東国,1,この文は物語の語り手が述べている文で、物語の語り手は京に住んでいることをふまえて考える。また、比叡の山は京にある山である。
5,npc6,文20その山は、ここに《たとへ》ば、比叡の山を二十ばかり重ね上げたらむほどして、なりは塩尻のやうになむありける。問：《 》の活用形は？,未然形;連用形;終止形;連体形;已然形;命令形,0,「たとへ」の終止形は「たとふ」で「ず」をつけると「たと《へ》ず」になり、「ず」の上がエ段になるので、下二段活用（エ|エ|ウ|ウる|ウれ|エよ）だ。「たとへ」になるのは未然形か、連用形だが、「ば」は連用形にはつかないので、未然形。
5,npc6,文20その山は、ここにたとへ《ば》、比叡の山を二十ばかり重ね上げたらむほどして、なりは塩尻のやうになむありける。問：《 》の訳はどれ？,もし～ならば;～ので;～すると・～したところ,0,「たとふ」が「たとへ」という形になるのは、未然形と連用形のとき（《へ》|《へ》|ふ|ふる|ふれ|へよ）だが、「ば」は未然形か已然形にしかつかないから、この「たとへ」は未然形である。●未然形＋「ば」→もし～ならば　●已然形＋「ば」で、「ば」の前の出来事から「ば」の後の出来事が予想できる場合→～ので　●已然形＋「ば」で、「ば」の前の出来事から「ば」の後の出来事が予想できない場合→～すると・～したところ
5,npc6,文20その山は、ここにたとへば、比叡の山を二十ばかり重ね上げ《たら》むほどして、なりは塩尻のやうになむありける。問：《 》の意味は？,完了;存続,1,●完了（～てしま[う・った]・た）←～の瞬間に注目。●存続（～ている・てある）←～の後の状態に注目。
5,npc6,文20その山は、ここにたとへば、比叡の山を二十ばかり重ね上げたら《む》ほどして、なりは塩尻のやうになむありける。問：《 》の意味はどれ？,仮定;婉曲;推量;意志;適当;勧誘,1,「む」のあとの「ほど」が名詞であることをふまえて考える。【Ａ】「む」＋[名詞か名詞省略]→①検討中の案だったら、仮定（としたら）。例　僧になさ《む》[こと]は苦し。②検討中の案でないなら、婉曲（訳不要）。例　し出さ《む》[こと]を待つ。※柔らかにするための「む」　【Ｂ】「む」(下には名詞は絶対来ない）→（１）提案してない場合で、①自分以外の未来を述べているなら、推量（だろう）。例　雨降ら《む》。②自分の未来を述べているなら、意志（しよう）。例　我肉食は《む》。※「むとす」の場合は主語が生き物なら自分以外でも意志。（生き物以外なら推量）　例　虎、鹿を食はむとす。（２）提案している場合で、①相手がいるなら、勧誘（したらどうか）。例　一郎、花を見てこそ帰ら《め》。②独り言っぽいなら、適当（のがよい）。例　子はなくてありな《む》。参考：この「む」の前の「な」は完了の「ぬ」（《な》|に|ぬ|ぬる|ぬれ|ね）。ここは強意の意味で使われている。未然形「な」になっているのは「む」が未然形につく助動詞だから。
5,npc6,文20その山は、ここにたとへば、比叡の山を二十ばかり重ね上げたらむほどして、《なり》は塩尻のやうになむありける。問：《 》の正しい訳はどちら？,かたち;身なり・服装,0,
5,npc6,文20その山は、ここにたとへば、比叡の山を二十ばかり重ね上げたらむほどして、なりは塩尻のやうに《なむ》ありける。問：《 》の意味は？,強意;疑問;反語,0,「なむ」は係り結びを起こす「ぞ・なむ・や・か・こそ」の「なむ」。「ぞ・なむ・や・か」があると文末は連体形、「こそ」があると文末は已然形になる。「ぞ・なむ・こそ」は強意、「や・か」は疑問か反語の意味を付け加える。疑問か、反語かは前後の内容で判断。
5,npc6,文20その山は、ここにたとへば、比叡の山を二十ばかり重ね上げたらむほどして、なりは塩尻のやうに《なむ》ありける。問：《　》の語があると文末は何形になるか。,未然;連用;終止;連体;已然;命令,3,「なむ」は係り結びを起こす「ぞ・なむ・や・か・こそ」の「なむ」。「ぞ・なむ・や・か」があると文末は連体形、「こそ」があると文末は已然形になる。「ぞ・なむ・こそ」は強意、「や・か」は疑問か反語の意味を付け加える。疑問か、反語かは前後の内容で判断。
6,npc7,文21なほ行き行きて、武蔵の国と下総の国との中に、いと大きなる川あり。問：武蔵の国はどのあたり？,神奈川・東京・埼玉;千葉・茨城,0,
6,npc7,文21なほ行き行きて、武蔵の国と下総の国との中に、いと大きなる川あり。問：下総の国はどのあたり？,神奈川・東京・埼玉;千葉・茨城,1,「しもつふさ」は古代の読み方。やがて「しもうさ」と呼ぶようになっていく。
6,npc7,文21《なほ》行き行きて、武蔵の国と下総の国との中に、いと大きなる川あり。問：《　》はどの訳が適切か。,まだ;やはり;でさえ;同様に;さらに;まるで,4,●まだ→「風波止やまねば、《なほ》同じ所にあり」　●やはり→「和歌こそ、《なほ》をかしきものなれ」　●でさえ→「死馬《なほ》之を買ふ。」※「すら且つ」と同じ意味。●同様に→「《なほ》惑ふ人あり。」※惑ふ＝道に迷う　●さらに→「あづま路の道のはてよりも、《なほ》奥つ方」　●まるで→「《なほ》夢のごとし。」※下に「ごとし」があるときのみ
6,npc7,文21なほ行き行きて、武蔵の国と下総の国との中に、《いと》大きなる川あり。問：《　》の訳は？,わずかに;ある程度;とても,2,
6,npc7,文21なほ行き行きて、武蔵の国と下総の国との中に、いと《大きなる》川あり。問：《　》のは次のどちらか。,形容動詞;《名詞＋断定の助動詞》,0,形容動詞「大きなり」の連体形か、名詞「大き」＋断定の助動詞「なり」の連体形か、見分ける。【見分け方】形容動詞の場合は上に程度を表す言葉がつけられる。例えば、いと「静かなり」って言えるから、「静かなり」は形容動詞と言える。一方、いと「王なり」と言えないから、「王なり」は形容動詞ではなく、「王」という名詞に断定の助動詞「なり」がついたものであることがわかる。
6,npc7,文23その川のほとりに《群れゐ》て思ひやれば、限りなく遠くも来にけるかなとわび合へるに、渡し守、「はや舟に乗れ。日も暮れぬ。」と言ふに、乗りて渡らむとするに、みな人ものわびしくて、京に思ふ人なきにしもあらず。問：《　》の訳として正しいのは？,群れて立つ;群れて座る,1, 終止形は「群れゐる」。「群る（むる）」に上一段の「居る」がついてできた言葉。「居る」は「すわっている」という意味。
6,npc7,文23その川のほとりに群れゐて《思ひやれ》ば、限りなく遠くも来にけるかなとわび合へるに、渡し守、「はや舟に乗れ。日も暮れぬ。」と言ふに、乗りて渡らむとするに、みな人ものわびしくて、京に思ふ人なきにしもあらず。問：《　》の意味は？,相手の立場に立って考える;遠くに思いを馳せる,1,終止形は「思ひやる」。
6,npc7,文23その川のほとりに群れゐて《思ひやれ》ば、限りなく遠くも来にけるかなとわび合へるに、渡し守、「はや舟に乗れ。日も暮れぬ。」と言ふに、乗りて渡らむとするに、みな人ものわびしくて、京に思ふ人なきにしもあらず。問：《　》は何形か。,未然形;連用形;終止形;連体形;已然形;命令形,4,終止形は「思ひやる」。「ず」をつけると「思ひや《ら》ず」になり、「ず」の上がア段になるので、四段活用（ア|イ|ウ|ウ|エ|エ）。「思ひやれ」になるのは已然形か、命令形だが、「ば」は命令形にはつかないので、已然形。
6,npc7,文23その川のほとりに群れゐて思ひやれ《ば》、限りなく遠くも来にけるかなとわび合へるに、渡し守、「はや舟に乗れ。日も暮れぬ。」と言ふに、乗りて渡らむとするに、みな人ものわびしくて、京に思ふ人なきにしもあらず。問：《　》の「ば」は次のどれ？ ,もし～ならば;～ので;～すると・～したところ,2,「思ひやる」が「思ひやれ」という形になるのは、已然形と命令形のとき（ら|り|る|る|れ|れ）だが、「ば」は未然形か已然形にしかつかないから、この「思ひやれ」は已然形である。●未然形＋「ば」→もし～ならば　●已然形＋「ば」で、「ば」の前の出来事から「ば」の後の出来事が予想できる場合→～ので　●已然形＋「ば」で、「ば」の前の出来事から「ば」の後の出来事が予想できない場合→～すると・～したところ　※「思いやっ（遠くに思いを馳せ）」た、という出来事から、「限りなく遠くも来にけるかなとわび合へる」という状態になることは予想できない。よくここまでたどりついた、という達成感を感じる場合だってある。
6,npc7,文23その川のほとりに群れゐて思ひやれば、《限りなく》《遠く》も来にけるかなとわび合へるに、渡し守、「はや舟に乗れ。日も暮れぬ。」と言ふに、乗りて渡らむとするに、みな人ものわびしくて、京に思ふ人なきにしもあらず。問：《　》は同じ品詞の語である。次のどの品詞か。,名詞;動詞;形容詞;形容動詞;助動詞,2,終止形は「限りなし」「遠し」
6,npc7,文23その川のほとりに群れゐて思ひやれば、限りなく遠くも《来》にけるかなとわび合へるに、渡し守、「はや舟に乗れ。日も暮れぬ。」と言ふに、乗りて渡らむとするに、みな人ものわびしくて、京に思ふ人なきにしもあらず。問：《　》の読み方は次のどれか。,き;く;こ,0,直後の「に」は完了の助動詞「ぬ」（な|《に》|ぬ|ぬる|ぬれ|ね）。完了の助動詞「ぬ」は連用形につく。「来」はカ変で「こ|き|く|くる|くれ|こ・こよ」と活用する。
6,npc7,文23その川のほとりに群れゐて思ひやれば、限りなく遠くも来《に》けるかなとわび合へるに、渡し守、「はや舟に乗れ。日も暮れぬ。」と言ふに、乗りて渡らむとするに、みな人ものわびしくて、京に思ふ人なきにしもあらず。問：《　》は何形か。,未然;連用;終止;連体;已然;命令,1,「《に》ける」とある場合は、だいたいの場合、「に」（完了の助動詞「ぬ」が活用したもの）＋「ける」（過去の助動詞。終止形は「けり」）で、「～てしまった」と訳す。なお、完了の助動詞「ぬ」はラ変型[な|《に》|ぬ|ぬる|ぬれ|ね]で活用する。
6,npc7,文23その川のほとりに群れゐて思ひやれば、限りなく遠くも来にけるかなと《わび》合へるに、渡し守、「はや舟に乗れ。日も暮れぬ。」と言ふに、乗りて渡らむとするに、みな人ものわびしくて、京に思ふ人なきにしもあらず。問：《　》は次のどちらの意味か。,わびしく思う;つらく思う,1, 終止形は「わぶ」。
6,npc7,文23その川のほとりに群れゐて思ひやれば、限りなく遠くも来にけるかなとわび合へ《る》に、渡し守、「はや舟に乗れ。日も暮れぬ。」と言ふに、乗りて渡らむとするに、みな人ものわびしくて、京に思ふ人なきにしもあらず。問：《　》の意味は？,完了;存続,1,終止形は「り」。●完了（～てしま[う・った]・た）←～の瞬間に注目。●存続（～ている・てある）←～の後の状態に注目。
6,npc7,文23その川のほとりに群れゐて思ひやれば、限りなく遠くも来にけるかなとわび合へるに、渡し守、「はや舟に乗れ。日も暮れ《ぬ》。」と言ふに、乗りて渡らむとするに、みな人ものわびしくて、京に思ふ人なきにしもあらず。問：《　》の意味は？,完了;強意,0,完了は「～てしま[う・った]。強意は「きっと」。下に推量の助動詞がある場合のみ、強意になる。例：花咲き《ぬ》べし（花は《きっと》咲くだろう）←この「べし」は推量(～だろう）
6,npc7,文23…渡し守、「はや舟に乗れ。日も暮れぬ。」と言ふに、乗りて渡ら《む》とするに、みな人ものわびしくて、京に思ふ人なきにしもあらず。問：《　》の意味はどれ？ ,仮定;婉曲;推量;意志;適当;勧誘,3,【Ａ】「む」＋[名詞か名詞省略]→①検討中の案だったら、仮定（としたら）。例　僧になさ《む》[こと]は苦し。②検討中の案でないなら、婉曲（訳不要）。例　し出さ《む》[こと]を待つ。※柔らかにするための「む」　【Ｂ】「む」(下には名詞は絶対来ない）→（１）提案してない場合で、①自分以外の未来を述べているなら、推量（だろう）。例　雨降ら《む》。②自分の未来を述べているなら、意志（しよう）。例　我肉食は《む》。※「むとす」の場合は主語が生き物なら自分以外でも意志。（生き物以外なら推量）　例　虎、鹿を食はむとす。（２）提案している場合で、①相手がいるなら、勧誘（したらどうか）。例　一郎、花を見てこそ帰ら《め》。②独り言っぽいなら、適当（のがよい）。例　子はなくてありな《む》。参考：この「む」の前の「な」は完了の「ぬ」（《な》|に|ぬ|ぬる|ぬれ|ね）。ここは強意の意味で使われている。未然形「な」になっているのは「む」が未然形につく助動詞だから。
6,npc7,文23…みな人《ものわびしく》て、京に思ふ人なきにしもあらず。問：《　》の意味は？,なんとなくわびしい;なんとなくつらい,1,
6,npc7,文23…みな人《ものわびしく》て、京に思ふ人なきにしもあらず。問：《　》の活用の種類は？,ク活用;シク活用;ナリ活用;タリ活用,1,終止形は「ものわびし」だから、形容詞。形容詞の活用はク活用とシク活用だけ。「なる」をつけて「しくなる」になるのが、シク活用。そうならないのがク活用。
6,npc7,文23…みな人ものわびしくて、京に思ふ人《なき》にしもあらず。問：《　》の品詞は？,動詞;形容詞;形容動詞;助動詞,1,終止形は「なし」。
6,npc7,文23…みな人ものわびしくて、京に思ふ人《なきにしもあらず》。問：《　》の訳は？,いない;いないわけではない;いるわけではない;いる,1,
6,npc7,文23その川のほとりに群れゐて思ひやれば、限りなく遠くも来にけるかなとわび合へるに、渡し守、「はや舟に乗れ。日も暮れぬ。」と言ふに、乗りて渡らむとするに、みな人ものわびしくて、京に思ふ人なきにしもあらず。文24《さる折しも》、白き鳥の、嘴と脚と赤き、鴫の大きさなる、水の上に遊びつつ魚を食ふ。問：《　》は次のどのとき？,「川のほとりに群れゐて…わび合へる」とき;渡し守が「はや舟に乗れ。」と言ったとき;「乗りて渡らむと」したとき,2,《　》は「ちょうどそのとき」という意味。「乗りて渡らむと」したときに鳥を目撃し、乗りこんでから、「①鳥の名を尋ねる→②渡し守が鳥の名を教える→③歌を詠む→④みんな泣く」という動きが連続して起こったと考えられる。
6,npc7,文24さる折しも、白き鳥の、《嘴》と脚と赤き、鴫の大きさなる、水の上に遊びつつ魚を食ふ。問：《　》は何を指すか。,目;羽;くちばし;水かき,2,
6,npc7,文24さる折しも、白き鳥《の》、嘴と脚と赤き、鴫の大きさなる、水の上に遊びつつ魚を食ふ。問：《　》の訳は？,の;が;で,2,文２４の省略されている語を補うと次のようになる。（　）内が補った部分。→「白き鳥《の》、【嘴と脚と（が）赤き、鴫の大きさなる】（やつが）」※【　】の部分で、どういう「やつ」かを説明している。さて、「の」には次の３種類」がある。①主語を示す「の」。「が」と訳す。例　国《の》乱るるによりて　②前の語について範囲を限定するための「の」。「の」と訳す。例　国語《の》教科書　③言い換えの「の」。「で」と訳す。「同格の『の』」と呼ばれる。例　焼きたてのパン《の》、表面がかりっとしているやつ←「焼きたてパン＝表面がかりっとしているやつ」
6,npc7,文24さる折しも、白き鳥の、嘴と脚と赤き、鴫の《大きさなる》、水の上に遊びつつ魚を食ふ。問：《　》は次のどちらか。,形容動詞;《名詞＋断定の助動詞》,1,形容動詞「大きさなり」の連体形か、名詞「大きさ」＋断定の助動詞「なり」の連体形か、見分ける。【見分け方】形容動詞の場合は上に程度を表す言葉がつけられる。例えば、いと「静かなり」って言えるから、「静かなり」は形容動詞と言える。一方、いと「王なり」と言えないから、「王なり」は形容動詞ではなく、「王」という名詞に断定の助動詞「なり」がついたものであることがわかる。
6,npc7,文24さる折しも、白き鳥の、嘴と脚と赤き、鴫の大きさなる、水の上に遊び《つつ》魚を食ふ。問：《　》はどの意味？ ,～ては;～し続けて;～しながら,2,①二種類の行動を交互に実施→～ては　例：Ａ竹を取り《つつ》（竹を取っては）Ｂよろづのことに使ふ　※「Ａ→Ｂ」の繰り返し　②一種類の行動の継続→;～し続けて　例：思ひつつ（思い続けて）ありけり　③※二種類の行動を同時に実施→～しながら　例：歌をＡ《聞き》つつ、Ｂ《舟を漕ぐ》
6,npc7,文25京には見え《ぬ》鳥なれば、みな人見知らず。問：《　》の意味は？,完了;打消,1,下に「鳥」という名詞があることをふまえて考える。●完了（てしま[う・った]・た）の「ぬ」の終止形（な|に|《ぬ》|ぬる|ぬれ|ね）。※連用形につく。※下に推量の助動詞があるときは強意[きっと～]の意味になる。●打消（ない）の「ず」の連体形（ず・ざら|ず・ざり|ず|ぬ・ざる|ね・ざれ|ざれ）。※未然形につく。
6,npc7,文25京には見えぬ鳥《なれ》ば、みな人見知らず。問：《　》の意味は？,過去;推量;断定;完了;存続;意志;打消,2,「なり」の前の「鳥」が名詞（体言）であることをふまえて考える。断定(だ・である)の助動詞｢なり｣は体言（＝名詞）や連体形につく。推定（ようだ）の助動詞「なり」はラ変以外には終止形に、ラ変には連体形につく。
6,npc7,文25京には見えぬ鳥《なれ》ば、みな人見知らず。問：《　》の活用形は？,未然形;連用形;終止形;連体形;已然形;命令形,4,「だ・である」と訳せる「なり」は、形容動詞のナリ活用と同じ活用の仕方（[なら|なり・に|なり|なる|なれ|なれ]でラ変型）をする。「なれ」になるのは已然形か、命令形だが、「ば」は命令形にはつかないので、已然形。
6,npc7,京には見えぬ鳥なれ《ば》、みな人見知らず。問：《　》の訳は？,もし～ならば;～ので;～すると・～したところ,1,断定の助動詞「なり」が「なれ」という形になるのは、已然形と命令形のとき（なら|なり・に|なり|なる|《なれ》|《なれ》）だが、「ば」は未然形か已然形にしかつかないから、この「なれ」は已然形である。●未然形＋「ば」→もし～ならば　●已然形＋「ば」で、「ば」の前の出来事から「ば」の後の出来事が予想できる場合→～ので　●已然形＋「ば」で、「ば」の前の出来事から「ば」の後の出来事が予想できない場合→～すると・～したところ
6,npc7,京には見えぬ鳥なれば、みな人見知ら《ず》。問：《　》の意味は？,過去;推量;断定;完了;存続;意志;打消,6,
6,npc7,文26渡し守に問ひ《けれ》ば、「これなむ都鳥。」と言ふを聞きて、問：《　》は何形か。,未然;連用;終止;連体;已然;命令,4, 「けり」はラ変型で、「けら|○|けり|ける|けれ|○」と活用する。
6,npc7,文26渡し守に問ひけれ《ば》、「これなむ都鳥。」と言ふを聞きて、問：《　》の訳は？,もし～ならば;～ので;～すると・～したところ,2,直前の「けれ」は已然形である。●未然形＋「ば」→もし～ならば　●已然形＋「ば」で、「ば」の前の出来事から「ば」の後の出来事が予想できる場合→～ので　●已然形＋「ば」で、「ば」の前の出来事から「ば」の後の出来事が予想できない場合→～すると・～したところ　※「渡し守に尋ねる」という出来事から、「これなむ都鳥」という言葉が返ってくることは予想できない。わからない、と答える場合もありうるし、「え、どの鳥？」って聞き返される可能性もある。
6,npc7,文26渡し守に問ひければ、「これ《なむ》都鳥。」と言ふを聞きて、問：《　》の意味は？,強意;疑問;反語,0,「なむ」は係り結びを起こす「ぞ・なむ・や・か・こそ」の「なむ」。「ぞ・なむ・や・か」があると文末は連体形、「こそ」があると文末は已然形になる。「ぞ・なむ・こそ」は強意、「や・か」は疑問か反語の意味を付け加える。疑問か、反語かは前後の内容で判断。
6,npc7,文26渡し守に問ひければ、「これなむ都鳥（　　）。」と言ふを聞きて、問：空欄に「なり」を入れるとしたら、次のどの活用形で入れるべきか。,未然;連用;終止;連体;已然;命令,3,空欄には「だ・である」にあたる断定の助動詞「なり」（形容動詞と同じ活用パターン[なら|なり・に|なり|なる|なれ|なれ]）が入るべきだが、渡し守はそれを省略して言わなかった。文中に「なむ」がある。「なむ」は係り結びを起こす「ぞ・なむ・や・か・こそ」の「なむ」。「ぞ・なむ・や・か」があると文末は連体形、「こそ」があると文末は已然形になる。
6,npc7,文27名に《し》負はばいざこと問はむ都鳥わが思ふ人はありやなしやと 問：《　》は次のどれにあたるか。,サ変動詞「す」の連用形;過去の助動詞「き」の連体形;強意の意味を付け加える助詞,2,●「する」と訳せる場合→サ変動詞「す」の連用形（せ|《し》|す|する|すれ|せよ）例　うつくしきさま《し》て　●連用形＋「し」＋名詞の場合→過去の助動詞「き」の連体形（せ|○|き|《し》|しか|○）　例　過ぎ去り《し》日々　●削除しても不自然にならない場合→強意の意味を付け加える助詞　※《連用形＋し＋名詞》の「し」がなぜ過去の助動詞「き」と言えるのか→①上が連用形だから、連用形につく助動詞のはず。②下が名詞だから連体形になっているはず。①＋②→連用形につく助動詞で、連体形が「し」になるのは過去の助動詞「き」だけ。
6,npc7,文27名にし《負は》ばいざこと問はむ都鳥わが思ふ人はありやなしやと 問：《　》は何形か。,未然;連用;終止;連体;已然;命令,0,「負は」の終止形は「負ふ」で、「ず」をつけると「負《は》ず」になり、「ず」の上がア段になるので、四段活用（ア|イ|ウ|ウ|エ|エ）である。
6,npc7,文27名にし負は《ば》いざこと問はむ都鳥わが思ふ人はありやなしやと　問：《　》は次のどれ？,もし～ならば;～ので;～すると・～したところ,0,直前の「負は」は未然形。●未然形＋「ば」→もし～ならば　●已然形＋「ば」で、「ば」の前の出来事から「ば」の後の出来事が予想できる場合→～ので　●已然形＋「ば」で、「ば」の前の出来事から「ば」の後の出来事が予想できない場合→～すると・～したところ
6,npc7,文27名にし負はば《いざ》こと問はむ都鳥わが思ふ人はありやなしやと　問：《　》は次のどちらにあたるか。,人に誘いかけるときのかけ声;自分が始めるときのかけ声,1,「さあ」と訳す。●人を誘う場合の例：皆の者、いざ戦はむ。●自分へのかけ声の例：寒し。いざ風呂入らむ。
6,npc7,文27名にし負はばいざ《こと問は》む都鳥わが思ふ人はありやなしやと　問：《　》の意味は？,物を言う;尋ねる;訪れる;手紙を書く,1,●「物を言う」の例：《言問は》ぬ犬とてなさけありけり。●「尋ねる」の例：「宿題や終へたる。」と友に《言問ひ》けり。●「訪れる」の例：《言問ふ》人もなき村なり。●「手紙を書く」の例：遠く離れし田舎の母へ《言問ひ》けり。
6,npc7,文27名にし負はばいざこと問は《む》都鳥わが思ふ人はありやなしやと　問：《　》の意味は？ ,仮定;婉曲;推量;意志;適当;勧誘,3,都鳥に呼びかけている言葉を『　』でくくるとこうなる。→「いざこと問はむ。『都鳥（よ）、わが思ふ人はありやなしや』と。」　したがって、「む」と「都鳥」はつながっていない。【Ａ】「む」＋[名詞か名詞省略]→①検討中の案だったら、仮定（としたら）。例　僧になさ《む》[こと]は苦し。②検討中の案でないなら、婉曲（訳不要）。例　し出さ《む》[こと]を待つ。※柔らかにするための「む」　【Ｂ】「む」(下には名詞は絶対来ない）→（１）提案してない場合で、①自分以外の未来を述べているなら、推量（だろう）。例　雨降ら《む》。②自分の未来を述べているなら、意志（しよう）。例　我肉食は《む》。※「むとす」は推量か意志だが、自分の未来かどうかではなく、前後の内容で見分ける。（２）提案している場合で、①相手がいるなら、勧誘（したらどうか）。例　一郎、花を見てこそ帰ら《め》。②独り言っぽいなら、適当（のがよい）。例　子はなくてありな《む》。参考：この「む」の前の「な」は完了の「ぬ」（《な》|に|ぬ|ぬる|ぬれ|ね）。ここは強意の意味で使われている。未然形「な」になっているのは「む」が未然形につく助動詞だから。
6,npc7,文27名にし負はばいざこと問はむ都鳥わが思ふ人は《ありやなしや》と　問：《　》の意味は？ ,いるかいないか;無事かどうか,1,
6,npc7,文28とよめ《り》ければ、舟こぞりて泣きにけり。問：《　》の意味は？ ,完了;存続,0,●完了（～てしま[う・った]・た）←～の瞬間に注目。●存続（～ている・てある）←～の後の状態に注目。
6,npc7,文28とよめり《けれ》ば、舟こぞりて泣きにけり。問：《　》の活用形は？,未然;連用;終止;連体;已然;命令,4,過去の助動詞で、終止形は「けり」。「けり」はラ変型で、「けら|○|けり|ける|けれ|○」と活用する。
6,npc7,文28とよめりけれ《ば》、舟こぞりて泣きにけり。問：《　》の訳は？,もし～ならば;～ので;～すると・～したところ,1,直前の「けれ」は已然形。●未然形＋「ば」→もし～ならば　●已然形＋「ば」で、「ば」の前の出来事から「ば」の後の出来事が予想できる場合→～ので　●已然形＋「ば」で、「ば」の前の出来事から「ば」の後の出来事が予想できない場合→～すると・～したところ
6,npc7,文28とよめりければ、舟《こぞりて》泣きにけり。問：《　》の訳は？,激しく;こっそり;一人で;そろって,3,
6,npc7,文28とよめりければ、舟こぞりて泣き《に》けり。問：《　》の活用形は？,未然;連用;終止;連体;已然;命令,1,「《に》けり」とある場合は、だいたいの場合、「に」（完了の助動詞「ぬ」が活用したもの）＋「けり」（過去の助動詞）で、「～てしまった」と訳す。完了の助動詞「ぬ」はラ変型[な|《に》|ぬ|ぬる|ぬれ|ね]で活用する。）
